jis_code,url
01000,https://www.pref.hokkaido.lg.jp/
01100,https://www.city.sapporo.jp/
01202,https://www.city.hakodate.hokkaido.jp/
01203,https://www.city.otaru.lg.jp/
01204,https://www.city.asahikawa.hokkaido.jp/
01205,https://www.city.muroran.lg.jp/
01206,https://www.city.kushiro.lg.jp/
01207,https://www.city.obihiro.hokkaido.jp/
01208,https://www.city.kitami.lg.jp/
01209,https://www.city.yubari.lg.jp/
01210,https://www.city.iwamizawa.hokkaido.jp/
01211,https://www.city.abashiri.hokkaido.jp/
01212,https://www.e-rumoi.jp/
01213,https://www.city.tomakomai.hokkaido.jp/
01214,https://www.city.wakkanai.hokkaido.jp/
01215,https://www.city.bibai.hokkaido.jp/
01216,https://www.city.ashibetsu.hokkaido.jp/
01217,https://www.city.ebetsu.hokkaido.jp/
01218,https://www.city.akabira.hokkaido.jp/
01219,https://mombetsu.jp/
01220,https://www.city.shibetsu.lg.jp/www/index.html
01221,http://www.city.nayoro.lg.jp/
01222,https://www.city.mikasa.hokkaido.jp/
01223,https://www.city.nemuro.hokkaido.jp/
01224,https://www.city.chitose.lg.jp
01225,https://www.city.takikawa.lg.jp/
01226,https://www.city.sunagawa.hokkaido.jp/
01227,https://www.city.utashinai.hokkaido.jp/
01228,https://www.city.fukagawa.lg.jp/
01229,https://www.city.furano.hokkaido.jp/
01230,https://www.city.noboribetsu.lg.jp/
01231,https://www.city.eniwa.hokkaido.jp/
01233,https://www.city.date.hokkaido.jp/
01234,https://www.city.kitahiroshima.hokkaido.jp/
01235,https://www.city.ishikari.hokkaido.jp/
01236,https://www.city.hokuto.hokkaido.jp/index.html
01303,https://www.town.tobetsu.hokkaido.jp/
01304,https://www.vill.shinshinotsu.hokkaido.jp/
01331,https://www.town.matsumae.hokkaido.jp/
01332,https://www.town.fukushima.hokkaido.jp/
01333,https://www.town.shiriuchi.hokkaido.jp/
01334,https://www.town.kikonai.hokkaido.jp/
01337,https://www.town.nanae.hokkaido.jp/
01343,https://www.town.shikabe.lg.jp/
01345,https://www.town.hokkaido-mori.lg.jp/
01346,https://www.town.yakumo.lg.jp/
01347,https://www.town.oshamambe.lg.jp/index.php
01361,https://www.hokkaido-esashi.jp/
01362,https://www.town.kaminokuni.lg.jp/
01363,https://www.town.assabu.lg.jp/index.php
01364,https://www.town.otobe.lg.jp/
01367,https://www.town.okushiri.lg.jp/
01370,https://www.town.imakane.lg.jp/
01371,https://www.town.setana.lg.jp/
01391,https://www.vill.shimamaki.lg.jp/
01392,http://www.town.suttu.lg.jp/
01393,http://www.kuromatsunai.com/
01394,https://www.town.rankoshi.hokkaido.jp/
01395,https://www.town.niseko.lg.jp/
01396,https://www.vill.makkari.lg.jp/
01397,https://www.vill.rusutsu.lg.jp/
01398,https://www.town.kimobetsu.hokkaido.jp/
01399,https://www.town-kyogoku.jp/
01400,https://www.town.kutchan.hokkaido.jp/
01401,https://www.town.kyowa.hokkaido.jp/
01402,https://www.town.iwanai.hokkaido.jp/
01403,https://www.vill.tomari.hokkaido.jp/
01404,https://www.vill.kamoenai.hokkaido.jp/
01405,https://www.town.shakotan.lg.jp/
01406,https://www.town.furubira.lg.jp/
01407,https://www.town.niki.hokkaido.jp/
01408,https://www.town.yoichi.hokkaido.jp/
01409,https://www.akaigawa.com/
01423,https://www.town.nanporo.hokkaido.jp/
01424,https://www.town.naie.hokkaido.jp/
01425,https://town.kamisunagawa.hokkaido.jp/
01427,https://www.town.yuni.lg.jp/
01428,https://www.maoi-net.jp/
01429,https://www.town.kuriyama.hokkaido.jp/
01430,https://www.town.tsukigata.hokkaido.jp/
01431,https://www.town.urausu.hokkaido.jp/
01432,https://www.town.shintotsukawa.lg.jp/
01433,https://www.town.moseushi.hokkaido.jp/
01434,https://www.town.chippubetsu.hokkaido.jp/
01436,https://www.town.uryu.hokkaido.jp/
01437,http://www.town.hokuryu.hokkaido.jp/
01438,https://www.town.numata.hokkaido.jp/
01452,https://www.town.takasu.hokkaido.jp/
01453,https://www.town.higashikagura.lg.jp/
01454,https://town.tohma.hokkaido.jp/
01455,https://www.town.pippu.hokkaido.jp/
01456,https://www.town.aibetsu.hokkaido.jp/
01457,https://www.town.hokkaido-kamikawa.lg.jp/
01458,https://town.higashikawa.hokkaido.jp/
01459,https://town.biei.hokkaido.jp/
01460,https://www.town.kamifurano.hokkaido.jp/
01461,https://www.town.nakafurano.lg.jp/
01462,https://www.town.minamifurano.hokkaido.jp/
01463,https://www.vill.shimukappu.lg.jp/
01464,https://www.town.wassamu.hokkaido.jp/
01465,https://www.town.kembuchi.hokkaido.jp/wp-content/cache/all//index.html
01468,https://www.town.shimokawa.hokkaido.jp/
01469,http://www.town.bifuka.hokkaido.jp/
01470,https://www.vill.otoineppu.hokkaido.jp/
01471,https://www.town.nakagawa.hokkaido.jp/
01472,https://www.town.horokanai.hokkaido.jp/
01481,https://www.town.mashike.hokkaido.jp/
01482,https://www.town.obira.hokkaido.jp/
01483,http://www.town.tomamae.lg.jp/
01484,https://www.town.haboro.lg.jp/
01485,https://www.vill.shosanbetsu.lg.jp/
01486,https://www.town.embetsu.hokkaido.jp/
01487,https://www.teshiotown.hokkaido.jp/
01511,https://www.vill.sarufutsu.hokkaido.jp/
01512,http://www.town.hamatonbetsu.hokkaido.jp/
01513,https://www.town.nakatombetsu.hokkaido.jp/
01514,https://www.esashi.jp/
01516,https://www.town.toyotomi.hokkaido.jp/
01517,https://www.town.rebun.hokkaido.jp/
01518,https://www.town.rishiri.hokkaido.jp/2s_index.htm
01519,https://www.town.rishirifuji.hokkaido.jp/rishirifuji/
01520,https://www.town.horonobe.lg.jp/
01543,https://www.town.bihoro.hokkaido.jp/
01544,https://www.town.tsubetsu.hokkaido.jp/
01545,https://www.town.shari.hokkaido.jp/
01546,https://www.town.kiyosato.hokkaido.jp/
01547,https://www.town.koshimizu.hokkaido.jp/
01549,https://www.town.kunneppu.hokkaido.jp/
01550,https://www.town.oketo.hokkaido.jp/
01552,https://www.town.saroma.hokkaido.jp/
01555,https://engaru.jp/
01559,https://www.town.yubetsu.lg.jp/
01560,https://www.town.takinoue.hokkaido.jp/
01561,https://www.town.okoppe.lg.jp/cms/
01562,https://www.vill.nishiokoppe.lg.jp/
01563,https://www.town.oumu.hokkaido.jp/
01564,https://www.town.ozora.hokkaido.jp/
01571,https://www.town.toyoura.hokkaido.jp/
01575,https://www.town.sobetsu.lg.jp/
01578,https://www.town.shiraoi.hokkaido.jp/
01581,https://www.town.atsuma.lg.jp/office/
01584,http://www.town.toyako.hokkaido.jp/
01585,https://www.town.abira.lg.jp/
01586,http://www.town.mukawa.lg.jp/
01601,https://www.town.hidaka.hokkaido.jp/
01602,https://www.town.biratori.hokkaido.jp/
01604,https://www.niikappu.jp/
01607,https://www.town.urakawa.hokkaido.jp/
01608,http://www.samani.jp/
01609,https://www.town.erimo.lg.jp/
01610,https://www.shinhidaka-hokkaido.jp/
01631,https://www.town.otofuke.hokkaido.jp/
01632,https://www.shihoro.jp/
01633,https://www.kamishihoro.jp/
01634,https://www.town.shikaoi.lg.jp/
01635,https://www.shintoku-town.jp/
01636,https://www.town.shimizu.hokkaido.jp/
01637,https://www.memuro.net/
01638,https://www.vill.nakasatsunai.hokkaido.jp/
01639,https://www.sarabetsu.jp/
01641,https://www.town.taiki.hokkaido.jp/
01642,https://www.town.hiroo.lg.jp/
01643,https://www.town.makubetsu.lg.jp/
01644,https://www.town.hokkaido-ikeda.lg.jp/
01645,https://www.toyokoro.jp/
01646,https://www.town.honbetsu.hokkaido.jp/
01647,https://www.town.ashoro.hokkaido.jp/
01648,https://www.rikubetsu.jp/
01649,https://www.urahoro.jp/
01661,http://www.town.kushiro.lg.jp/
01662,https://www.akkeshi-town.jp/
01663,https://www.townhamanaka.jp/
01664,https://town.shibecha.hokkaido.jp/top/
01665,https://www.town.teshikaga.hokkaido.jp/
01667,https://www.vill.tsurui.lg.jp/
01668,https://www.town.shiranuka.lg.jp/
01691,https://betsukai.jp/
01692,https://www.nakashibetsu.jp/
01693,https://www.shibetsutown.jp/
01694,https://www.rausu-town.jp/
01695,
01696,
01697,
01698,
01699,
01700,
02000,https://www.pref.aomori.lg.jp/
02201,https://www.city.aomori.aomori.jp/
02202,https://www.city.hirosaki.aomori.jp/
02203,https://www.city.hachinohe.aomori.jp/
02204,http://www.city.kuroishi.aomori.jp/
02205,https://www.city.goshogawara.lg.jp/
02206,https://www.city.towada.lg.jp/
02207,https://www.city.misawa.lg.jp/
02208,https://www.city.mutsu.lg.jp/
02209,https://www.city.tsugaru.aomori.jp/
02210,https://www.city.hirakawa.lg.jp/
02301,https://www.town.hiranai.aomori.jp/
02303,https://www.town.imabetsu.lg.jp/
02304,https://www.vill.yomogita.lg.jp/
02307,https://www.town.sotogahama.lg.jp/
02321,https://www.town.ajigasawa.lg.jp/
02323,https://www.town.fukaura.lg.jp/
02343,https://www.nishimeya.jp/
02361,http://www.town.fujisaki.lg.jp/
02362,http://www.town.owani.lg.jp/
02367,http://www.vill.inakadate.lg.jp/
02381,https://www.town.itayanagi.aomori.jp/
02384,https://www.town.tsuruta.lg.jp/
02387,https://www.town.nakadomari.lg.jp/index.cfm
02401,https://www.town.noheji.aomori.jp/
02402,https://www.town.shichinohe.lg.jp/
02405,https://www.town.rokunohe.aomori.jp/
02406,https://www.town.yokohama.lg.jp/
02408,https://www.town.tohoku.lg.jp/
02411,https://www.rokkasho.jp/
02412,https://www.town.oirase.aomori.jp/
02423,https://www.town.ooma.lg.jp/
02424,http://www.vill.higashidoori.lg.jp/
02425,https://www.kazamaura.jp/
02426,https://www.vill.sai.lg.jp/
02441,https://www.town.sannohe.aomori.jp/
02442,https://www.town.gonohe.aomori.jp/
02443,https://www.town.takko.lg.jp/
02445,https://www.town.aomori-nanbu.lg.jp/
02446,https://www.town.hashikami.lg.jp/
02450,https://www.vill.shingo.aomori.jp/
03000,https://www.pref.iwate.jp/
03201,https://www.city.morioka.iwate.jp/
03202,https://www.city.miyako.iwate.jp/
03203,https://www.city.ofunato.iwate.jp/
03205,https://www.city.hanamaki.iwate.jp/
03206,https://www.city.kitakami.iwate.jp/
03207,https://www.city.kuji.iwate.jp/index.html
03208,https://www.city.tono.iwate.jp/
03209,https://www.city.ichinoseki.iwate.jp/
03210,https://www.city.rikuzentakata.iwate.jp/
03211,https://www.city.kamaishi.iwate.jp/
03213,https://www.city.ninohe.lg.jp/
03214,https://www.city.hachimantai.lg.jp/
03215,https://www.city.oshu.iwate.jp/
03216,https://www.city.takizawa.iwate.jp/
03301,https://www.town.shizukuishi.iwate.jp/
03302,https://www.town.kuzumaki.iwate.jp/
03303,https://town.iwate.iwate.jp/
03321,https://www.town.shiwa.iwate.jp/
03322,https://www.town.yahaba.iwate.jp/
03366,https://www.town.nishiwaga.lg.jp/
03381,https://www.town.kanegasaki.iwate.jp/
03402,https://www.town.hiraizumi.iwate.jp/
03441,https://www.town.sumita.iwate.jp/
03461,https://www.town.otsuchi.iwate.jp/
03482,https://www.town.yamada.iwate.jp/
03483,https://www.town.iwaizumi.lg.jp/
03484,https://www.vill.tanohata.iwate.jp/
03485,https://www.vill.fudai.iwate.jp/
03501,https://www.town.karumai.iwate.jp/
03503,https://www.vill.noda.iwate.jp/
03506,https://www.vill.kunohe.iwate.jp/
03507,https://www.town.hirono.iwate.jp/
03524,https://www.town.ichinohe.iwate.jp/
04000,https://www.pref.miyagi.jp/
04100,https://www.city.sendai.jp/
04202,https://www.city.ishinomaki.lg.jp/index.html
04203,https://www.city.shiogama.miyagi.jp/
04205,https://www.kesennuma.miyagi.jp/
04206,https://www.city.shiroishi.miyagi.jp/
04207,https://www.city.natori.miyagi.jp/
04208,https://www.city.kakuda.lg.jp/
04209,https://www.city.tagajo.miyagi.jp/
04211,https://www.city.iwanuma.miyagi.jp/
04212,https://www.city.tome.miyagi.jp/
04213,https://www.kuriharacity.jp/
04214,https://www.city.higashimatsushima.miyagi.jp/
04215,https://www.city.osaki.miyagi.jp/
04216,https://www.tomiya-city.miyagi.jp/
04301,https://www.town.zao.miyagi.jp/
04302,https://town.shichikashuku.miyagi.jp/
04321,https://www.town.ogawara.miyagi.jp/
04322,https://www.town.murata.miyagi.jp/
04323,https://www.town.shibata.miyagi.jp/
04324,https://www.town.kawasaki.miyagi.jp/
04341,https://www.town.marumori.miyagi.jp/
04361,https://www.town.watari.miyagi.jp/
04362,https://www.town.yamamoto.miyagi.jp/
04401,https://www.town.miyagi-matsushima.lg.jp/
04404,https://www.shichigahama.com/
04406,https://www.town.rifu.miyagi.jp/
04421,https://www.town.taiwa.miyagi.jp/
04422,https://www.town.miyagi-osato.lg.jp/
04424,https://www.village.ohira.miyagi.jp/
04444,https://www.town.shikama.miyagi.jp/
04445,https://www.town.kami.miyagi.jp/
04501,https://www.town.wakuya.miyagi.jp/
04505,https://www.town.misato.miyagi.jp/
04581,https://www.town.onagawa.miyagi.jp/
04606,https://www.town.minamisanriku.miyagi.jp/
05000,https://www.pref.akita.lg.jp/
05201,https://www.city.akita.lg.jp/
05202,https://www.city.noshiro.lg.jp/
05203,https://www.city.yokote.lg.jp/
05204,https://www.city.odate.lg.jp/
05206,https://www.city.oga.akita.jp/
05207,https://www.city-yuzawa.jp/
05209,https://www.city.kazuno.lg.jp/
05210,https://www.city.yurihonjo.lg.jp/
05211,https://www.city.katagami.lg.jp/
05212,https://www.city.daisen.lg.jp/
05213,https://www.city.kitaakita.akita.jp/
05214,https://www.city.nikaho.akita.jp/
05215,https://www.city.semboku.akita.jp/
05303,https://www.town.kosaka.akita.jp/
05327,https://www.vill.kamikoani.akita.jp/forms/top/top.aspx
05346,https://www.town.fujisato.akita.jp/
05348,https://www.town.mitane.akita.jp/
05349,https://www.town.happo.lg.jp/
05361,https://www.town.gojome.akita.jp/
05363,https://www.town.hachirogata.akita.jp/
05366,https://www.town.ikawa.akita.jp/
05368,https://www.vill.ogata.akita.jp/
05434,https://www.town.misato.akita.jp/
05463,https://www.town.ugo.lg.jp/
05464,https://www.higashinaruse.com/
06000,https://www.pref.yamagata.jp/
06201,https://www.city.yamagata-yamagata.lg.jp/
06202,https://www.city.yonezawa.yamagata.jp/
06203,https://www.city.tsuruoka.lg.jp/
06204,https://www.city.sakata.lg.jp/
06205,https://www.city.shinjo.yamagata.jp/
06206,https://www.city.sagae.yamagata.jp/
06207,https://www.city.kaminoyama.yamagata.jp/
06208,https://www.city.murayama.lg.jp/
06209,https://www.city.nagai.yamagata.jp/
06210,https://www.city.tendo.yamagata.jp/
06211,https://www.city.higashine.yamagata.jp/
06212,https://www.city.obanazawa.yamagata.jp/
06213,http://www.city.nanyo.yamagata.jp/
06301,https://www.town.yamanobe.yamagata.jp/
06302,https://www.town.nakayama.yamagata.jp/
06321,https://www.town.kahoku.yamagata.jp/
06322,https://www.town.nishikawa.yamagata.jp/
06323,https://www.town.asahi.yamagata.jp/
06324,https://www.town.oe.yamagata.jp/
06341,https://www.town.oishida.yamagata.jp/
06361,https://www.town.kaneyama.yamagata.jp/
06362,https://town.mogami.lg.jp/
06363,https://www.town.funagata.yamagata.jp/
06364,https://www.town.mamurogawa.yamagata.jp/index.html
06365,https://www.vill.ohkura.yamagata.jp/
06366,https://www.vill.sakegawa.yamagata.jp/
06367,https://www.vill.tozawa.yamagata.jp/
06381,https://www.town.takahata.yamagata.jp/
06382,https://www.town.kawanishi.yamagata.jp/
06401,https://www.town.oguni.yamagata.jp/
06402,https://www.town.shirataka.lg.jp/
06403,https://www.town.iide.yamagata.jp/
06426,https://www.town.mikawa.yamagata.jp/
06428,https://www.town.shonai.lg.jp/
06461,https://www.town.yuza.yamagata.jp/
07000,https://www.pref.fukushima.lg.jp/
07201,https://www.city.fukushima.fukushima.jp/
07202,https://www.city.aizuwakamatsu.fukushima.jp/
07203,https://www.city.koriyama.lg.jp/
07204,https://www.city.iwaki.lg.jp/www/index.html
07205,https://www.city.shirakawa.fukushima.jp/
07207,https://www.city.sukagawa.fukushima.jp/
07208,https://www.city.kitakata.fukushima.jp/
07209,https://www.city.soma.fukushima.jp/
07210,https://www.city.nihonmatsu.lg.jp/
07211,https://www.city.tamura.lg.jp/
07212,https://www.city.minamisoma.lg.jp/
07213,https://www.city.fukushima-date.lg.jp/
07214,https://www.city.motomiya.lg.jp/
07301,https://www.town.koori.fukushima.jp/
07303,https://www.town.kunimi.fukushima.jp/
07308,https://www.town.kawamata.lg.jp/
07322,https://www.vill.otama.fukushima.jp/
07342,https://www.town.kagamiishi.fukushima.jp/
07344,https://www.vill.tenei.fukushima.jp/
07362,https://www.town.shimogo.fukushima.jp/
07364,https://www.vill.hinoemata.lg.jp/
07367,https://www.town.tadami.lg.jp/
07368,https://www.town.minamiaizu.lg.jp/index.html
07402,https://www.vill.kitashiobara.fukushima.jp/
07405,https://www.town.nishiaizu.fukushima.jp/
07407,https://www.town.bandai.fukushima.jp/
07408,https://www.town.inawashiro.fukushima.jp/
07421,https://www.town.aizubange.fukushima.jp/
07422,https://www.vill.yugawa.fukushima.jp/
07423,https://www.town.yanaizu.fukushima.jp/
07444,https://www.town.mishima.fukushima.jp/
07445,https://www.town.kaneyama.fukushima.jp/
07446,https://www.vill.showa.fukushima.jp/
07447,https://www.town.aizumisato.fukushima.jp/
07461,https://www.vill.nishigo.fukushima.jp/
07464,https://www.vill.izumizaki.fukushima.jp/
07465,https://www.vill-nakajima.jp/
07466,https://www.town.yabuki.fukushima.jp/
07481,https://www.town.tanagura.fukushima.jp/
07482,https://www.town.yamatsuri.fukushima.jp/
07483,https://www.town.hanawa.fukushima.jp/
07484,https://www.vill.samegawa.fukushima.jp/
07501,https://www.town.ishikawa.fukushima.jp/
07502,https://www.vill.tamakawa.fukushima.jp/
07503,https://www.vill.hirata.fukushima.jp/
07504,https://www.town.asakawa.fukushima.jp/
07505,https://www.town.furudono.fukushima.jp/
07521,https://www.town.miharu.fukushima.jp/
07522,https://www.town.ono.fukushima.jp/
07541,https://www.town.hirono.fukushima.jp/
07542,https://www.town.naraha.lg.jp/
07543,https://www.tomioka-town.jp/
07544,https://www.kawauchimura.jp/
07545,https://www.town.okuma.fukushima.jp/
07546,https://www.town.fukushima-futaba.lg.jp/
07547,https://www.town.namie.fukushima.jp/
07548,https://www.katsurao.org/
07561,https://www.shinchi-town.jp/
07564,https://www.vill.iitate.fukushima.jp/
08000,https://www.pref.ibaraki.jp/
08201,https://www.city.mito.lg.jp/
08202,https://www.city.hitachi.lg.jp/
08203,https://www.city.tsuchiura.lg.jp/index.html
08204,https://www.city.ibaraki-koga.lg.jp/
08205,https://www.city.ishioka.lg.jp/
08207,https://www.city.yuki.lg.jp/
08208,https://www.city.ryugasaki.ibaraki.jp/
08210,https://www.city.shimotsuma.lg.jp/
08211,https://www.city.joso.lg.jp/
08212,https://www.city.hitachiota.ibaraki.jp/
08214,https://www.city.takahagi.ibaraki.jp/index.html
08215,https://www.city.kitaibaraki.lg.jp/
08216,https://www.city.kasama.lg.jp/index.html
08217,https://www.city.toride.ibaraki.jp/
08219,https://www.city.ushiku.lg.jp/
08220,https://www.city.tsukuba.lg.jp/
08221,https://www.city.hitachinaka.lg.jp/
08222,https://www.city.kashima.ibaraki.jp/
08223,https://www.city.itako.lg.jp/
08224,https://www.city.moriya.ibaraki.jp/
08225,https://www.city.hitachiomiya.lg.jp/
08226,https://www.city.naka.lg.jp/
08227,https://www.city.chikusei.lg.jp/index.html
08228,https://www.city.bando.lg.jp/
08229,https://www.city.inashiki.lg.jp/index.html
08230,https://www.city.kasumigaura.lg.jp/
08231,https://www.city.sakuragawa.lg.jp/index.html
08232,https://www.city.kamisu.ibaraki.jp/
08233,https://www.city.namegata.ibaraki.jp/
08234,https://www.city.hokota.lg.jp/
08235,https://www.city.tsukubamirai.lg.jp/
08236,https://www.city.omitama.lg.jp/
08302,https://www.town.ibaraki.lg.jp/
08309,https://www.town.oarai.lg.jp/
08310,https://www.town.shirosato.lg.jp/
08341,https://www.vill.tokai.ibaraki.jp/
08364,https://www.town.daigo.ibaraki.jp/
08442,https://www.vill.miho.lg.jp/
08443,https://www.town.ami.lg.jp/
08447,https://www.town.ibaraki-kawachi.lg.jp/
08521,https://www.town.ibaraki-yachiyo.lg.jp/
08542,https://www.town.goka.lg.jp/
08546,https://www.town.ibaraki-sakai.lg.jp/
08564,https://www.town.tone.ibaraki.jp/
09000,https://www.pref.tochigi.lg.jp/
09201,https://www.city.utsunomiya.lg.jp/
09202,https://www.city.ashikaga.tochigi.jp/
09203,https://www.city.tochigi.lg.jp/
09204,https://www.city.sano.lg.jp/
09205,https://www.city.kanuma.tochigi.jp/
09206,https://www.city.nikko.lg.jp/
09208,https://www.city.oyama.tochigi.jp/
09209,https://www.city.moka.lg.jp/
09210,https://www.city.ohtawara.tochigi.jp/
09211,https://www.city.yaita.tochigi.jp/
09213,https://www.city.nasushiobara.lg.jp/
09214,https://www.city.tochigi-sakura.lg.jp/
09215,https://www.city.nasukarasuyama.lg.jp/
09216,https://www.city.shimotsuke.lg.jp/
09301,https://www.town.kaminokawa.lg.jp/
09342,https://www.town.mashiko.tochigi.jp/
09343,https://www.town.motegi.tochigi.jp/
09344,https://www.town.ichikai.tochigi.jp/forms/top/top.aspx
09345,https://www.town.tochigi-haga.lg.jp/
09361,https://www.town.mibu.tochigi.jp/
09364,https://www.town.nogi.lg.jp/
09384,https://www.town.shioya.tochigi.jp/
09386,https://www.town.takanezawa.tochigi.jp/
09407,https://www.town.nasu.lg.jp/
09411,https://www.town.tochigi-nakagawa.lg.jp/
10000,https://www.pref.gunma.jp/
10201,https://www.city.maebashi.gunma.jp/
10202,https://www.city.takasaki.gunma.jp/
10203,https://www.city.kiryu.lg.jp/
10204,https://www.city.isesaki.lg.jp/
10205,https://www.city.ota.gunma.jp/
10206,https://www.city.numata.gunma.jp/
10207,https://www.city.tatebayashi.gunma.jp/
10208,https://www.city.shibukawa.lg.jp/
10209,https://www.city.fujioka.gunma.jp/
10210,https://www.city.tomioka.lg.jp/www/index.html
10211,https://www.city.annaka.lg.jp/
10212,https://www.city.midori.gunma.jp/www/index.html
10344,https://www.vill.shinto.gunma.jp/
10345,https://www.town.yoshioka.gunma.jp/
10366,https://www.uenomura.jp/
10367,https://www.town.kanna.gunma.jp/
10382,https://www.town.shimonita.lg.jp/
10383,https://nanmoku.ne.jp/
10384,https://www.town.kanra.lg.jp/
10421,https://www.town.nakanojo.gunma.jp/
10424,https://www.town.naganohara.gunma.jp/www/index.html
10425,https://www.vill.tsumagoi.gunma.jp/
10426,https://www.town.kusatsu.gunma.jp/
10428,https://vill.takayama.gunma.jp/
10429,https://www.town.higashiagatsuma.gunma.jp/www/index.html
10443,https://www.vill.katashina.gunma.jp/
10444,https://www.vill.kawaba.gunma.jp/
10448,https://www.vill.showa.gunma.jp/
10449,https://www.town.minakami.gunma.jp/
10464,https://www.town.tamamura.lg.jp/
10521,https://www.town.itakura.gunma.jp/
10522,https://www.town.meiwa.gunma.jp/
10523,https://www.town.chiyoda.gunma.jp/
10524,https://www.town.oizumi.gunma.jp/
10525,https://www.town.ora.gunma.jp/
11000,https://www.pref.saitama.lg.jp/
11100,https://www.city.saitama.jp/
11201,https://www.city.kawagoe.saitama.jp/
11202,https://www.city.kumagaya.lg.jp/
11203,https://www.city.kawaguchi.lg.jp/
11206,https://www.city.gyoda.lg.jp/
11207,https://www.city.chichibu.lg.jp/
11208,https://www.city.tokorozawa.saitama.jp/
11209,https://www.city.hanno.lg.jp
11210,https://www.city.kazo.lg.jp/
11211,https://www.city.honjo.lg.jp/
11212,https://www.city.higashimatsuyama.lg.jp/
11214,https://www.city.kasukabe.lg.jp/
11215,https://www.city.sayama.saitama.jp/
11216,https://www.city.hanyu.lg.jp/
11217,https://www.city.kounosu.saitama.jp/
11218,https://www.city.fukaya.saitama.jp/
11219,https://www.city.ageo.lg.jp/
11221,https://www.city.soka.saitama.jp/
11222,https://www.city.koshigaya.saitama.jp/
11223,https://www.city.warabi.saitama.jp/
11224,https://www.city.toda.saitama.jp/
11225,https://www.city.iruma.saitama.jp/
11227,https://www.city.asaka.lg.jp/
11228,https://www.city.shiki.lg.jp/
11229,https://www.city.wako.lg.jp/
11230,https://www.city.niiza.lg.jp/
11231,https://www.city.okegawa.lg.jp/
11232,https://www.city.kuki.lg.jp/
11233,https://www.city.kitamoto.lg.jp/index.html
11234,https://www.city.yashio.lg.jp/
11235,https://www.city.fujimi.saitama.jp/
11237,https://www.city.misato.lg.jp/
11238,https://www.city.hasuda.saitama.jp/
11239,https://www.city.sakado.lg.jp/
11240,https://www.city.satte.lg.jp/
11241,https://www.city.tsurugashima.lg.jp/
11242,https://www.city.hidaka.lg.jp/
11243,https://www.city.yoshikawa.saitama.jp/
11245,https://www.city.fujimino.saitama.jp/
11246,https://www.city.shiraoka.lg.jp/
11301,https://www.town.saitama-ina.lg.jp/
11324,https://www.town.saitama-miyoshi.lg.jp/
11326,https://www.town.moroyama.saitama.jp/www/index.html
11327,https://www.town.ogose.saitama.jp/
11341,https://www.town.namegawa.saitama.jp/index.html
11342,https://www.town.ranzan.saitama.jp/
11343,https://www.town.ogawa.saitama.jp/
11346,https://www.town.kawajima.saitama.jp/
11347,https://www.town.yoshimi.saitama.jp/
11348,https://www.town.hatoyama.saitama.jp/
11349,https://www.town.tokigawa.lg.jp/forms/top/top.aspx
11361,https://www.town.yokoze.saitama.jp/
11362,https://www.town.minano.saitama.jp/
11363,https://www.town.nagatoro.saitama.jp/
11365,https://www.town.ogano.lg.jp/
11369,https://www.vill.higashichichibu.saitama.jp/
11381,https://www.town.saitama-misato.lg.jp/
11383,https://www.town.kamikawa.saitama.jp/
11385,https://www.town.kamisato.saitama.jp/
11408,https://www.town.yorii.saitama.jp/
11442,https://www.town.miyashiro.lg.jp/
11464,https://www.town.sugito.lg.jp/
11465,https://www.town.matsubushi.lg.jp/
12000,https://www.pref.chiba.lg.jp/
12100,https://www.city.chiba.jp/
12202,https://www.city.choshi.chiba.jp/
12203,https://www.city.ichikawa.lg.jp/
12204,https://www.city.funabashi.lg.jp/
12205,https://www.city.tateyama.chiba.jp/
12206,https://www.city.kisarazu.lg.jp/
12207,https://www.city.matsudo.chiba.jp/
12208,https://www.city.noda.chiba.jp/
12210,https://www.city.mobara.chiba.jp/
12211,https://www.city.narita.chiba.jp/
12212,https://www.city.sakura.lg.jp/
12213,https://www.city.togane.chiba.jp/
12215,https://www.city.asahi.lg.jp/
12216,https://www.city.narashino.lg.jp/
12217,https://www.city.kashiwa.lg.jp/
12218,https://www.city.katsuura.lg.jp/forms/top/top.aspx
12219,https://www.city.ichihara.chiba.jp/
12220,https://www.city.nagareyama.chiba.jp/
12221,https://www.city.yachiyo.chiba.jp/
12222,https://www.city.abiko.chiba.jp/
12223,https://www.city.kamogawa.lg.jp/
12224,https://www.city.kamagaya.chiba.jp/
12225,https://www.city.kimitsu.lg.jp/
12226,https://www.city.futtsu.lg.jp/
12227,https://www.city.urayasu.lg.jp/
12228,https://www.city.yotsukaido.chiba.jp/
12229,https://www.city.sodegaura.lg.jp/
12230,https://www.city.yachimata.lg.jp/
12231,https://www.city.inzai.lg.jp/
12232,https://www.city.shiroi.chiba.jp/
12233,https://www.city.tomisato.lg.jp/
12234,https://www.city.minamiboso.chiba.jp/
12235,https://www.city.sosa.lg.jp/
12236,https://www.city.katori.lg.jp/
12237,https://www.city.sammu.lg.jp/
12238,https://www.city.isumi.lg.jp/
12239,https://www.city.oamishirasato.lg.jp/
12322,https://www.town.shisui.chiba.jp/
12329,https://www.town.sakae.chiba.jp/
12342,https://www.town.kozaki.chiba.jp/
12347,https://www.town.tako.chiba.jp/
12349,https://www.town.tohnosho.chiba.jp/
12403,https://www.town.kujukuri.chiba.jp/
12409,https://www.town.shibayama.lg.jp/
12410,https://www.town.yokoshibahikari.chiba.jp/
12421,https://www.town.ichinomiya.chiba.jp/
12422,https://www.town.mutsuzawa.chiba.jp/
12423,https://www.vill.chosei.chiba.jp/
12424,https://www.town.shirako.lg.jp/
12426,https://www.town.nagara.chiba.jp/
12427,https://www.town.chonan.chiba.jp/
12441,https://www.town.otaki.chiba.jp/
12443,https://www.town.onjuku.chiba.jp/
12463,https://www.town.kyonan.chiba.jp/
13000,https://www.metro.tokyo.lg.jp/
13101,https://www.city.chiyoda.lg.jp/
13102,https://www.city.chuo.lg.jp/
13103,https://www.city.minato.tokyo.jp/
13104,https://www.city.shinjuku.lg.jp/
13105,https://www.city.bunkyo.lg.jp/
13106,https://www.city.taito.lg.jp/
13107,https://www.city.sumida.lg.jp/
13108,https://www.city.koto.lg.jp/
13109,https://www.city.shinagawa.tokyo.jp/
13110,https://www.city.meguro.tokyo.jp/
13111,https://www.city.ota.tokyo.jp/
13112,https://www.city.setagaya.lg.jp/index.html
13113,https://www.city.shibuya.tokyo.jp/
13114,https://www.city.tokyo-nakano.lg.jp/
13115,https://www.city.suginami.tokyo.jp/
13116,https://www.city.toshima.lg.jp/index.html
13117,https://www.city.kita.tokyo.jp/
13118,https://www.city.arakawa.tokyo.jp/
13119,https://www.city.itabashi.tokyo.jp/
13120,https://www.city.nerima.tokyo.jp/
13121,https://www.city.adachi.tokyo.jp/
13122,https://www.city.katsushika.lg.jp/
13123,https://www.city.edogawa.tokyo.jp/
13201,https://www.city.hachioji.tokyo.jp/
13202,https://www.city.tachikawa.lg.jp/
13203,https://www.city.musashino.lg.jp/
13204,https://www.city.mitaka.lg.jp/
13205,https://www.city.ome.tokyo.jp/
13206,https://www.city.fuchu.tokyo.jp/
13207,https://www.city.akishima.lg.jp/
13208,https://www.city.chofu.tokyo.jp/www/toppage/0000000000000/APM03000.html
13209,https://www.city.machida.tokyo.jp/
13210,https://www.city.koganei.lg.jp/
13211,https://www.city.kodaira.tokyo.jp/
13212,https://www.city.hino.lg.jp/
13213,https://www.city.higashimurayama.tokyo.jp/
13214,https://www.city.kokubunji.tokyo.jp/
13215,https://www.city.kunitachi.tokyo.jp/
13218,https://www.city.fussa.tokyo.jp/
13219,https://www.city.komae.tokyo.jp/
13220,https://www.city.higashiyamato.lg.jp/
13221,https://www.city.kiyose.lg.jp/
13222,https://www.city.higashikurume.lg.jp/
13223,https://www.city.musashimurayama.lg.jp/
13224,https://www.city.tama.lg.jp/
13225,https://www.city.inagi.tokyo.jp/
13227,https://www.city.hamura.tokyo.jp/
13228,https://www.city.akiruno.tokyo.jp/
13229,https://www.city.nishitokyo.lg.jp/
13303,https://www.town.mizuho.tokyo.jp/
13305,https://www.town.hinode.tokyo.jp/
13307,https://www.vill.hinohara.tokyo.jp/
13308,https://www.town.okutama.tokyo.jp/
13361,https://www.town.oshima.tokyo.jp/
13362,https://www.toshimamura.org/
13363,https://www.niijima.com/
13364,https://vill.kouzushima.tokyo.jp/
13381,https://www.vill.miyake.tokyo.jp/
13382,https://www.vill.mikurasima.tokyo.jp/
13401,https://www.town.hachijo.tokyo.jp/
13402,https://www.vill.aogashima.tokyo.jp/
13421,https://www.vill.ogasawara.tokyo.jp/
14000,https://www.pref.kanagawa.jp/
14100,https://www.city.yokohama.lg.jp/
14130,https://www.city.kawasaki.jp/
14150,https://www.city.sagamihara.kanagawa.jp/
14201,https://www.city.yokosuka.kanagawa.jp/index.html
14203,https://www.city.hiratsuka.kanagawa.jp/
14204,https://www.city.kamakura.kanagawa.jp/
14205,https://www.city.fujisawa.kanagawa.jp/
14206,https://www.city.odawara.kanagawa.jp/
14207,https://www.city.chigasaki.kanagawa.jp/
14208,https://www.city.zushi.kanagawa.jp/
14210,https://www.city.miura.kanagawa.jp/
14211,https://www.city.hadano.kanagawa.jp/www/index.html
14212,https://www.city.atsugi.kanagawa.jp/
14213,https://www.city.yamato.lg.jp/
14214,https://www.city.isehara.kanagawa.jp/
14215,https://www.city.ebina.kanagawa.jp/index.html
14216,https://www.city.zama.kanagawa.jp/www/toppage/0000000000000/APM03000.html
14217,https://www.city.minamiashigara.kanagawa.jp/
14218,https://www.city.ayase.kanagawa.jp/
14301,https://www.town.hayama.lg.jp/
14321,https://www.town.samukawa.kanagawa.jp/
14341,https://www.town.oiso.kanagawa.jp/
14342,https://www.town.ninomiya.kanagawa.jp/
14361,https://www.town.nakai.kanagawa.jp/forms/top/top.aspx
14362,https://www.town.oi.kanagawa.jp/
14363,https://town.matsuda.kanagawa.jp/
14364,https://www.town.yamakita.kanagawa.jp/
14366,https://www.town.kaisei.kanagawa.jp/forms/top/top.aspx
14382,https://www.town.hakone.kanagawa.jp/
14383,https://www.town.manazuru.kanagawa.jp/
14384,https://www.town.yugawara.kanagawa.jp/
14401,https://www.town.aikawa.kanagawa.jp/
14402,https://www.town.kiyokawa.kanagawa.jp/
15000,https://www.pref.niigata.lg.jp/
15100,https://www.city.niigata.lg.jp/
15202,https://www.city.nagaoka.niigata.jp/
15204,https://www.city.sanjo.niigata.jp/
15205,https://www.city.kashiwazaki.lg.jp/
15206,https://www.city.shibata.lg.jp/
15208,https://www.city.ojiya.niigata.jp/
15209,https://www.city.kamo.niigata.jp/
15210,https://www.city.tokamachi.lg.jp/
15211,https://www.city.mitsuke.niigata.jp/
15212,https://www.city.murakami.lg.jp/
15213,https://www.city.tsubame.niigata.jp/
15216,https://www.city.itoigawa.lg.jp/
15217,https://www.city.myoko.niigata.jp/
15218,https://www.city.gosen.lg.jp/
15222,https://www.city.joetsu.niigata.jp/
15223,https://www.city.agano.niigata.jp/
15224,https://www.city.sado.niigata.jp/
15225,https://www.city.uonuma.lg.jp/
15226,https://www.city.minamiuonuma.niigata.jp/
15227,https://www.city.tainai.niigata.jp/
15307,https://www.town.seiro.niigata.jp/
15342,https://www.vill.yahiko.niigata.jp/
15361,https://www.town.tagami.niigata.jp/
15385,https://www.town.aga.niigata.jp/
15405,https://www.town.izumozaki.niigata.jp/
15461,https://www.town.yuzawa.lg.jp/
15482,https://www.town.tsunan.niigata.jp/
15504,https://www.vill.kariwa.niigata.jp/www/index.jsp
15581,http://www.vill.sekikawa.niigata.jp/
15586,https://www.vill.awashimaura.lg.jp/
16000,https://www.pref.toyama.jp/
16201,https://www.city.toyama.toyama.jp/
16202,https://www.city.takaoka.toyama.jp/
16204,https://www.city.uozu.toyama.jp/
16205,https://www.city.himi.toyama.jp/
16206,https://www.city.namerikawa.toyama.jp/
16207,https://www.city.kurobe.toyama.jp/
16208,https://www.city.tonami.toyama.jp/
16209,https://www.city.oyabe.toyama.jp/
16210,https://www.city.nanto.toyama.jp/cms-sypher/www/index.jsp
16211,https://www.city.imizu.toyama.jp/
16321,https://www.vill.funahashi.toyama.jp/
16322,https://www.town.kamiichi.toyama.jp/
16323,https://www.town.tateyama.toyama.jp/pub/
16342,https://www.town.nyuzen.toyama.jp/
16343,https://www.town.asahi.toyama.jp/
17000,https://www.pref.ishikawa.lg.jp/
17201,https://www4.city.kanazawa.lg.jp/index.html
17202,https://www.city.nanao.lg.jp/
17203,https://www.city.komatsu.lg.jp/
17204,https://www.city.wajima.ishikawa.jp/
17205,https://www.city.suzu.lg.jp/
17206,https://www.city.kaga.ishikawa.jp/
17207,https://www.city.hakui.lg.jp/
17209,https://www.city.kahoku.lg.jp/
17210,https://www.city.hakusan.lg.jp/
17211,https://www.city.nomi.ishikawa.jp/www/index.html
17212,https://www.city.nonoichi.lg.jp/
17324,https://www.town.kawakita.ishikawa.jp/
17361,https://www.town.tsubata.lg.jp/
17365,https://www.town.uchinada.lg.jp/webapps/www/index.jsp
17384,https://www.town.shika.lg.jp/
17386,https://www.hodatsushimizu.jp/
17407,https://www.town.nakanoto.ishikawa.jp/
17461,https://www.town.anamizu.lg.jp/
17463,https://www.town.noto.lg.jp/www/total_top.jsp
18000,https://www.pref.fukui.lg.jp/
18201,https://www.city.fukui.lg.jp/
18202,https://www.city.tsuruga.lg.jp/
18204,https://www1.city.obama.fukui.jp/
18205,https://www.city.ono.fukui.jp/
18206,https://www.city.katsuyama.fukui.jp/
18207,https://www.city.sabae.fukui.jp/
18208,https://www.city.awara.lg.jp/
18209,https://www.city.echizen.lg.jp/
18210,https://www.city.fukui-sakai.lg.jp/
18322,https://www.town.eiheiji.lg.jp/
18382,https://www.town.ikeda.fukui.jp/
18404,https://www.town.minamiechizen.lg.jp/
18423,https://www.town.echizen.fukui.jp/index.html
18442,https://www.town.fukui-mihama.lg.jp/
18481,https://www.town.takahama.fukui.jp/
18483,https://www.town.ohi.fukui.jp/index.html
18501,https://www.town.fukui-wakasa.lg.jp/
19000,https://www.pref.yamanashi.jp/
19201,https://www.city.kofu.yamanashi.jp/
19202,https://www.city.fujiyoshida.yamanashi.jp/
19204,https://www.city.tsuru.yamanashi.jp/
19205,https://www.city.yamanashi.yamanashi.jp/
19206,https://www.city.otsuki.yamanashi.jp/
19207,https://www.city.nirasaki.lg.jp/
19208,https://www.city.minami-alps.yamanashi.jp/
19209,https://www.city.hokuto.yamanashi.jp/
19210,https://www.city.kai.yamanashi.jp/
19211,https://www.city.fuefuki.yamanashi.jp/
19212,https://www.city.uenohara.yamanashi.jp/
19213,https://www.city.koshu.yamanashi.jp/
19214,https://www.city.chuo.yamanashi.jp/
19346,https://www.town.ichikawamisato.yamanashi.jp/
19364,https://www.town.hayakawa.yamanashi.jp/
19365,https://www.town.minobu.lg.jp/
19366,https://www.town.nanbu.yamanashi.jp/
19368,https://www.town.fujikawa.yamanashi.jp/
19384,https://www.town.showa.yamanashi.jp/
19422,http://www.vill.doshi.lg.jp/
19423,https://www.town.nishikatsura.yamanashi.jp/forms/top/top.aspx
19424,https://www.vill.oshino.lg.jp/
19425,https://www.vill.yamanakako.lg.jp/
19429,https://www.vill.narusawa.yamanashi.jp/forms/top/top.aspx
19430,https://www.town.fujikawaguchiko.lg.jp/
19442,http://www.vill.kosuge.yamanashi.jp/
19443,https://www.vill.tabayama.yamanashi.jp/
20000,https://www.pref.nagano.lg.jp/
20201,https://www.city.nagano.nagano.jp/
20202,https://www.city.matsumoto.nagano.jp/
20203,https://www.city.ueda.nagano.jp/
20204,https://www.city.okaya.lg.jp/
20205,https://www.city.iida.lg.jp/
20206,https://www.city.suwa.lg.jp/www/index.jsp
20207,https://www.city.suzaka.nagano.jp/
20208,https://www.city.komoro.lg.jp/
20209,https://www.inacity.jp/
20210,https://www.city.komagane.nagano.jp/
20211,https://www.city.nakano.nagano.jp/
20212,https://www.city.omachi.nagano.jp/
20213,https://www.city.iiyama.nagano.jp/
20214,https://www.city.chino.lg.jp/
20215,https://www.city.shiojiri.lg.jp/
20217,https://www.city.saku.nagano.jp/
20218,https://www.city.chikuma.lg.jp/
20219,https://www.city.tomi.nagano.jp/
20220,https://www.city.azumino.nagano.jp/
20303,https://www.koumi-town.jp/
20304,https://www.vill.kawakami.nagano.jp/www/index.html
20305,https://www.minamimakimura.jp/
20306,https://www.minamiaiki.jp/
20307,http://vill.kitaaiki.nagano.jp/
20309,https://www.town.sakuho.nagano.jp/
20321,https://www.town.karuizawa.lg.jp/www/index.html
20323,https://www.town.miyota.nagano.jp/
20324,https://www.town.tateshina.nagano.jp/
20349,http://www.vill.aoki.nagano.jp/
20350,https://town.nagawa.nagano.jp/
20361,https://www.town.shimosuwa.lg.jp/www/index.html
20362,https://www.town.fujimi.lg.jp/
20363,https://www.vill.hara.lg.jp/
20382,https://www.town.tatsuno.lg.jp/index.html
20383,https://www.town.minowa.lg.jp/
20384,https://www.town.iijima.lg.jp/
20385,https://www.vill.minamiminowa.lg.jp/
20386,https://www.vill.nakagawa.nagano.jp/
20388,https://www.vill.miyada.nagano.jp/?
20402,https://www.town.matsukawa.lg.jp/
20403,https://www.town.nagano-takamori.lg.jp/
20404,http://www.town.anan.nagano.jp/
20407,https://www.vill.achi.lg.jp/
20409,https://hirayamura.jp/
20410,https://nebamura.jp/
20411,https://www.vill-shimojo.jp/
20412,https://www.urugi.jp/
20413,https://www.vill-tenryu.jp/
20414,https://vill.yasuoka.nagano.jp/
20415,https://www.vill.takagi.lg.jp/
20416,https://www.vill.nagano-toyooka.lg.jp/
20417,http://www.vill.ooshika.nagano.jp/
20422,https://www.town.agematsu.nagano.jp/
20423,https://www.town.nagiso.nagano.jp/
20425,https://www.vill.kiso.nagano.jp/
20429,https://www.vill.otaki.nagano.jp/
20430,https://www.vill.okuwa.lg.jp/
20432,https://www.town-kiso.com/
20446,https://www.vill.omi.nagano.jp/
20448,https://www.village.ikusaka.nagano.jp/
20450,https://www.vill.yamagata.nagano.jp/index.html
20451,https://www.vill.asahi.nagano.jp/
20452,https://www.vill.chikuhoku.lg.jp/
20481,https://www.ikedamachi.net/
20482,https://www.vill.matsukawa.nagano.jp/
20485,https://www.vill.hakuba.nagano.jp/
20486,https://www.vill.otari.nagano.jp/www/menu.html
20521,https://www.town.sakaki.nagano.jp/www/index.html
20541,https://www.town.obuse.nagano.jp/
20543,https://www.vill.takayama.nagano.jp/
20561,https://www.town.yamanouchi.nagano.jp/
20562,https://www.vill.kijimadaira.lg.jp/
20563,https://www.vill.nozawaonsen.nagano.jp/
20583,https://www.town.shinano.lg.jp/
20588,https://www.vill.ogawa.nagano.jp/
20590,https://www.town.iizuna.nagano.jp/
20602,http://www.vill.sakae.nagano.jp/
21000,https://www.pref.gifu.lg.jp/
21201,https://www.city.gifu.lg.jp/
21202,https://www.city.ogaki.lg.jp/
21203,https://www.city.takayama.lg.jp/
21204,https://www.city.tajimi.lg.jp/
21205,https://www.city.seki.lg.jp/
21206,https://www.city.nakatsugawa.lg.jp/
21207,https://www.city.mino.gifu.jp/
21208,https://www.city.mizunami.lg.jp/
21209,https://www.city.hashima.lg.jp/
21210,https://www.city.ena.lg.jp/
21211,https://www.city.minokamo.gifu.jp/shimin/
21212,https://www.city.toki.lg.jp/
21213,https://www.city.kakamigahara.lg.jp/
21214,https://www.city.kani.lg.jp/
21215,https://www.city.yamagata.gifu.jp/
21216,https://www.city.mizuho.lg.jp/
21217,https://www.city.hida.gifu.jp/
21218,https://www.city.motosu.lg.jp/
21219,https://www.city.gujo.gifu.jp/
21220,https://www.city.gero.lg.jp/
21221,https://www.city.kaizu.lg.jp/
21302,https://www.town.ginan.lg.jp/
21303,https://www.town.kasamatsu.gifu.jp/
21341,https://www.town.yoro.gifu.jp/
21361,https://www.town.tarui.lg.jp/
21362,https://www.town.sekigahara.gifu.jp/
21381,https://www.town.godo.gifu.jp/
21382,https://town.wanouchi.gifu.jp/
21383,https://www.town.anpachi.lg.jp/
21401,https://www.town.ibigawa.lg.jp/
21403,https://www.town-ono.jp/
21404,https://www.town.gifu-ikeda.lg.jp/
21421,https://www.town.kitagata.gifu.jp/
21501,https://www.town.sakahogi.gifu.jp/
21502,https://www.town.tomika.gifu.jp/
21503,https://www.kawabe-gifu.jp/
21504,https://www.hichiso.jp/
21505,https://www.town.yaotsu.lg.jp/
21506,https://www.vill.shirakawa.lg.jp/
21507,https://www.vill.higashishirakawa.gifu.jp/
21521,https://www.town.mitake.lg.jp/
21604,https://shirakawa-go.org/
22000,https://www.pref.shizuoka.jp/
22100,https://www.city.shizuoka.lg.jp/
22130,https://www.city.hamamatsu.shizuoka.jp/
22203,https://www.city.numazu.shizuoka.jp/
22205,https://www.city.atami.lg.jp/
22206,https://www.city.mishima.shizuoka.jp/
22207,https://www.city.fujinomiya.lg.jp/
22208,https://www.city.ito.shizuoka.jp/
22209,https://www.city.shimada.shizuoka.jp/
22210,https://www.city.fuji.shizuoka.jp/
22211,https://www.city.iwata.shizuoka.jp/
22212,https://www.city.yaizu.lg.jp/
22213,https://www.city.kakegawa.shizuoka.jp/
22214,https://www.city.fujieda.shizuoka.jp/
22215,https://www.city.gotemba.lg.jp/
22216,https://www.city.fukuroi.shizuoka.jp/
22219,https://www.city.shimoda.shizuoka.jp/
22220,https://www.city.susono.shizuoka.jp/
22221,https://www.city.kosai.shizuoka.jp/
22222,https://www.city.izu.shizuoka.jp/
22223,https://www.city.omaezaki.shizuoka.jp/
22224,https://www.city.kikugawa.shizuoka.jp/
22225,https://www.city.izunokuni.shizuoka.jp/
22226,https://www.city.makinohara.shizuoka.jp/
22301,https://www.town.higashiizu.lg.jp/
22302,https://www.town.kawazu.shizuoka.jp/
22304,https://www.town.minamiizu.shizuoka.jp/
22305,https://www.town.matsuzaki.shizuoka.jp/
22306,https://www.town.nishiizu.shizuoka.jp/
22325,https://www.town.kannami.shizuoka.jp/
22341,https://www.town.shimizu.shizuoka.jp/
22342,https://www.town.nagaizumi.lg.jp/
22344,https://www.fuji-oyama.jp/index.html
22424,https://www.town.yoshida.shizuoka.jp/
22429,https://www.town.kawanehon.shizuoka.jp/
22461,https://www.town.morimachi.shizuoka.jp/
23000,https://www.pref.aichi.jp/
23100,https://www.city.nagoya.jp/
23201,https://www.city.toyohashi.lg.jp/
23202,https://www.city.okazaki.lg.jp/index.html
23203,https://www.city.ichinomiya.aichi.jp/
23204,https://www.city.seto.aichi.jp/
23205,https://www.city.handa.lg.jp/
23206,https://www.city.kasugai.lg.jp/
23207,https://www.city.toyokawa.lg.jp/
23208,https://www.city.tsushima.lg.jp/
23209,https://www.city.hekinan.lg.jp/
23210,https://www.city.kariya.lg.jp/
23211,https://www.city.toyota.aichi.jp/
23212,https://www.city.anjo.aichi.jp/
23213,https://www.city.nishio.aichi.jp/
23214,https://www.city.gamagori.lg.jp/
23215,https://www.city.inuyama.aichi.jp/
23216,https://www.city.tokoname.aichi.jp/
23217,https://www.city.konan.lg.jp/
23219,https://www.city.komaki.aichi.jp/
23220,https://www.city.inazawa.aichi.jp/
23221,https://www.city.shinshiro.lg.jp/
23222,https://www.city.tokai.aichi.jp/
23223,https://www.city.obu.aichi.jp/
23224,https://www.city.chita.lg.jp/
23225,https://www.city.chiryu.aichi.jp/
23226,https://www.city.owariasahi.lg.jp/
23227,https://www.city.takahama.lg.jp/
23228,https://www.city.iwakura.aichi.jp/
23229,https://www.city.toyoake.lg.jp/
23230,https://www.city.nisshin.lg.jp/
23231,https://www.city.tahara.aichi.jp/
23232,https://www.city.aisai.lg.jp/
23233,https://www.city.kiyosu.aichi.jp/
23234,https://www.city.kitanagoya.lg.jp/
23235,https://www.city.yatomi.lg.jp/
23236,https://www.city.aichi-miyoshi.lg.jp/
23237,https://www.city.ama.aichi.jp/
23238,https://www.city.nagakute.lg.jp/index.html
23302,https://www.town.aichi-togo.lg.jp/
23342,https://www.town.toyoyama.lg.jp/
23361,https://www.town.oguchi.lg.jp/
23362,https://www.town.fuso.lg.jp/
23424,https://www.town.oharu.aichi.jp/
23425,https://www.town.kanie.aichi.jp/
23427,https://www.vill.tobishima.aichi.jp/
23441,https://www.town.agui.lg.jp/
23442,https://www.town.aichi-higashiura.lg.jp/
23445,https://www.town.minamichita.lg.jp/
23446,https://www.town.aichi-mihama.lg.jp/
23447,https://www.town.taketoyo.lg.jp/
23501,https://www.town.kota.lg.jp/
23561,https://www.town.shitara.lg.jp/
23562,https://www.town.toei.aichi.jp/
23563,https://www.vill.toyone.aichi.jp/
24000,https://www.pref.mie.lg.jp/
24201,https://www.info.city.tsu.mie.jp/
24202,https://www.city.yokkaichi.lg.jp/
24203,https://www.city.ise.mie.jp/
24204,https://www.city.matsusaka.mie.jp/
24205,https://www.city.kuwana.lg.jp/
24207,https://www.city.suzuka.lg.jp/
24208,https://www.city.nabari.lg.jp/
24209,https://www.city.owase.lg.jp/public/sougou_top/index_sou.html
24210,https://www.city.kameyama.mie.jp/
24211,https://www.city.toba.mie.jp/
24212,https://www.city.kumano.lg.jp/
24214,https://www.city.inabe.mie.jp/
24215,https://www.city.shima.mie.jp/
24216,https://www.city.iga.lg.jp/
24303,https://www.town.kisosaki.lg.jp/
24324,https://www.town.toin.lg.jp/
24341,https://www2.town.komono.mie.jp/www/index.html
24343,https://www2.town.asahi.mie.jp/www/index.html
24344,https://www.town.kawagoe.mie.jp/
24441,https://www.town.taki.mie.jp/
24442,https://www.town.meiwa.mie.jp/
24443,https://www.odaitown.jp/
24461,https://kizuna.town.tamaki.mie.jp/
24470,https://www.town.watarai.lg.jp/
24471,https://www.town.taiki.mie.jp/
24472,https://www.town.minamiise.lg.jp/
24543,https://www.town.mie-kihoku.lg.jp/
24561,https://www.town.mihama.mie.jp/
24562,https://www.town.kiho.lg.jp/
25000,https://www.pref.shiga.lg.jp/
25201,https://www.city.otsu.lg.jp/
25202,https://www.city.hikone.lg.jp/
25203,https://www.city.nagahama.lg.jp/
25204,https://www.city.omihachiman.lg.jp/
25206,https://www.city.kusatsu.shiga.jp/
25207,https://www.city.moriyama.lg.jp/
25208,https://www.city.ritto.lg.jp/
25209,https://www.city.koka.lg.jp/
25210,https://www.city.yasu.lg.jp/
25211,https://www.city.shiga-konan.lg.jp/
25212,https://www.city.takashima.lg.jp/www/toppage/0000000000000/APM03000.html
25213,https://www.city.higashiomi.shiga.jp/
25214,https://www.city.maibara.lg.jp/
25383,https://www.town.shiga-hino.lg.jp/
25384,https://www.town.ryuoh.shiga.jp/
25425,https://www.town.aisho.shiga.jp/
25441,https://www.town.toyosato.shiga.jp/
25442,https://www.kouratown.jp/
25443,https://www.town.taga.lg.jp/
26000,https://www.pref.kyoto.jp/
26100,https://www.city.kyoto.lg.jp/
26201,https://www.city.fukuchiyama.lg.jp/
26202,https://www.city.maizuru.kyoto.jp/
26203,https://www.city.ayabe.lg.jp/
26204,https://www.city.uji.kyoto.jp/
26205,https://www.city.miyazu.kyoto.jp/www/normal_top.jsp
26206,https://www.city.kameoka.kyoto.jp/
26207,https://www.city.joyo.kyoto.jp/
26208,https://www.city.muko.kyoto.jp/
26209,https://www.city.nagaokakyo.lg.jp/
26210,https://www.city.yawata.kyoto.jp/
26211,https://www.city.kyotanabe.lg.jp/
26212,https://www.city.kyotango.lg.jp/
26213,https://www.city.nantan.kyoto.jp/www/
26214,https://www.city.kizugawa.lg.jp/
26303,https://www.town.oyamazaki.kyoto.jp/
26322,https://www.town.kumiyama.lg.jp/
26343,https://www.town.ide.kyoto.jp/
26344,https://www.town.ujitawara.kyoto.jp/
26364,https://www.town.kasagi.lg.jp/
26365,https://www.town.wazuka.lg.jp/index.html
26366,https://www.town.seika.kyoto.jp/
26367,https://www.vill.minamiyamashiro.lg.jp/
26407,https://www.town.kyotamba.kyoto.jp/
26463,https://www.town.ine.kyoto.jp/
26465,https://www.town.yosano.lg.jp/
27000,https://www.pref.osaka.lg.jp/
27100,https://www.city.osaka.lg.jp/
27140,https://www.city.sakai.lg.jp/
27202,https://www.city.kishiwada.lg.jp/
27203,https://www.city.toyonaka.osaka.jp/
27204,https://www.city.ikeda.osaka.jp/
27205,https://www.city.suita.osaka.jp/
27206,https://www.city.izumiotsu.lg.jp/
27207,https://www.city.takatsuki.osaka.jp/
27208,https://www.city.kaizuka.lg.jp/
27209,https://www.city.moriguchi.osaka.jp/
27210,https://www.city.hirakata.osaka.jp/
27211,https://www.city.ibaraki.osaka.jp/
27212,https://www.city.yao.osaka.jp/
27213,https://www.city.izumisano.lg.jp/
27214,https://www.city.tondabayashi.lg.jp/
27215,https://www.city.neyagawa.osaka.jp/
27216,https://www.city.kawachinagano.lg.jp/
27217,https://www.city.matsubara.lg.jp/
27218,https://www.city.daito.lg.jp/
27219,https://www.city.osaka-izumi.lg.jp/
27220,https://www.city.minoh.lg.jp/
27221,https://www.city.kashiwara.lg.jp/
27222,https://www.city.habikino.lg.jp/
27223,https://www.city.kadoma.osaka.jp/
27224,https://www.city.settsu.osaka.jp/
27225,https://www.city.takaishi.lg.jp/
27226,https://www.city.fujiidera.lg.jp/
27227,https://www.city.higashiosaka.lg.jp/
27228,https://www.city.sennan.lg.jp/
27229,https://www.city.shijonawate.lg.jp/
27230,https://www.city.katano.osaka.jp/
27231,https://www.city.osakasayama.osaka.jp/
27232,https://www.city.hannan.lg.jp/
27301,https://www.town.shimamoto.lg.jp/
27321,https://www.town.toyono.osaka.jp/
27322,https://www.town.nose.osaka.jp/
27341,https://www.town.tadaoka.osaka.jp/
27361,https://www.town.kumatori.lg.jp/
27362,https://www.town.tajiri.osaka.jp/
27366,https://www.town.misaki.osaka.jp/
27381,https://www.town.taishi.osaka.jp/
27382,https://www.town.kanan.osaka.jp/
27383,https://www.vill.chihayaakasaka.osaka.jp/
28000,https://web.pref.hyogo.lg.jp/
28100,https://www.city.kobe.lg.jp/
28201,https://www.city.himeji.lg.jp/
28202,https://www.city.amagasaki.hyogo.jp/
28203,https://www.city.akashi.lg.jp/
28204,https://www.nishi.or.jp/
28205,https://www.city.sumoto.lg.jp/
28206,https://www.city.ashiya.lg.jp/
28207,https://www.city.itami.lg.jp/
28208,https://www.city.aioi.lg.jp/
28209,https://www.city.toyooka.lg.jp/
28210,https://www.city.kakogawa.lg.jp/
28212,https://www.city.ako.lg.jp/
28213,https://www.city.nishiwaki.lg.jp/
28214,https://www.city.takarazuka.hyogo.jp/
28215,https://www.city.miki.lg.jp/
28216,https://www.city.takasago.lg.jp/
28217,https://www.city.kawanishi.hyogo.jp/
28218,https://www.city.ono.hyogo.jp/
28219,https://www.city.sanda.lg.jp/
28220,https://www.city.kasai.hyogo.jp/
28221,https://www.city.tambasasayama.lg.jp/
28222,https://www.city.yabu.hyogo.jp/
28223,https://www.city.tamba.lg.jp/
28224,https://www.city.minamiawaji.hyogo.jp/
28225,https://www.city.asago.hyogo.jp/
28226,https://www.city.awaji.lg.jp/
28227,https://www.city.shiso.lg.jp/
28228,https://www.city.kato.lg.jp/
28229,https://www.city.tatsuno.lg.jp/
28301,https://www.town.inagawa.lg.jp/
28365,https://www.town.taka.lg.jp/
28381,https://www.town.hyogo-inami.lg.jp/
28382,https://www.town.harima.lg.jp/
28442,https://www.town.ichikawa.lg.jp/
28443,https://www.town.fukusaki.hyogo.jp/
28446,https://www.town.kamikawa.hyogo.jp/index.html
28464,https://www.town.hyogo-taishi.lg.jp/
28481,https://www.town.kamigori.hyogo.jp/cms-sypher/www/index.jsp
28501,https://www.town.sayo.lg.jp/cms-sypher/www/normal_top.jsp
28585,https://www.town.mikata-kami.lg.jp/www/index.html
28586,https://www.town.shinonsen.hyogo.jp/
29000,https://www.pref.nara.jp/
29201,https://www.city.nara.lg.jp/
29202,https://www.city.yamatotakada.nara.jp/
29203,https://www.city.yamatokoriyama.lg.jp/
29204,https://www.city.tenri.nara.jp/
29205,https://www.city.kashihara.nara.jp/
29206,https://www.city.sakurai.lg.jp/
29207,https://www.city.gojo.lg.jp/
29208,https://www.city.gose.nara.jp/
29209,https://www.city.ikoma.lg.jp/
29210,https://www.city.kashiba.lg.jp/
29211,https://www.city.katsuragi.nara.jp/
29212,https://www.city.uda.nara.jp/
29322,https://www.vill.yamazoe.nara.jp/
29342,https://www.town.heguri.nara.jp/
29343,https://www.town.sango.nara.jp/
29344,https://www.town.ikaruga.nara.jp/
29345,https://www.town.ando.nara.jp/
29361,https://www.town.nara-kawanishi.lg.jp/
29362,https://www.town.miyake.lg.jp/
29363,https://www.town.tawaramoto.nara.jp/
29385,https://www.vill.soni.nara.jp/forms/top/top.aspx
29386,https://www.vill.mitsue.nara.jp/
29401,https://www.town.takatori.nara.jp/
29402,https://asukamura.jp/
29424,https://www.town.kanmaki.nara.jp/
29425,https://www.town.oji.nara.jp/
29426,https://www.town.koryo.nara.jp/
29427,https://www.town.kawai.nara.jp/
29441,https://www.town.yoshino.nara.jp/
29442,https://www.town.oyodo.lg.jp/
29443,https://www.town.shimoichi.lg.jp/
29444,https://www.vill.kurotaki.nara.jp/
29446,https://www.vill.tenkawa.nara.jp/
29447,https://www.vill.nosegawa.nara.jp/
29449,https://www.vill.totsukawa.lg.jp/
29450,https://www.vill.shimokitayama.nara.jp/
29451,https://vill.kamikitayama.nara.jp/
29452,https://www.vill.kawakami.nara.jp/
29453,http://www.vill.higashiyoshino.nara.jp/
30000,https://www.pref.wakayama.lg.jp/
30201,https://www.city.wakayama.wakayama.jp/
30202,https://www.city.kainan.lg.jp/
30203,https://www.city.hashimoto.lg.jp/
30204,https://www.city.arida.lg.jp/
30205,https://www.city.gobo.lg.jp/
30206,https://www.city.tanabe.lg.jp/
30207,https://www.city.shingu.lg.jp/forms/top/top.aspx
30208,https://www.city.kinokawa.lg.jp/
30209,https://www.city.iwade.lg.jp/
30304,https://www.town.kimino.wakayama.jp/
30341,https://www.town.katsuragi.wakayama.jp/
30343,https://www.town.kudoyama.lg.jp/
30344,https://www.town.koya.wakayama.jp/
30361,https://www.town.yuasa.wakayama.jp/
30362,https://www.town.hirogawa.wakayama.jp/
30366,https://www.town.aridagawa.lg.jp/
30381,http://www.town.mihama.wakayama.jp/
30382,http://www.town.wakayama-hidaka.lg.jp/
30383,http://www.town.yura.wakayama.jp/
30390,https://www.town.wakayama-inami.lg.jp/
30391,https://www.town.minabe.lg.jp/
30392,https://www.town.hidakagawa.lg.jp/
30401,https://www.town.shirahama.wakayama.jp/
30404,https://www.town.kamitonda.lg.jp/
30406,https://www.town.susami.lg.jp/
30421,https://www.town.nachikatsuura.wakayama.jp/
30422,https://www.town.taiji.wakayama.jp/
30424,http://www.town.kozagawa.wakayama.jp/
30427,https://www.vill.kitayama.wakayama.jp/
30428,https://www.town.kushimoto.wakayama.jp/
31000,https://www.pref.tottori.lg.jp/
31201,https://www.city.tottori.lg.jp/www/index.html
31202,https://www.city.yonago.lg.jp/
31203,https://www.city.kurayoshi.lg.jp/
31204,https://www.city.sakaiminato.lg.jp/
31302,https://www.iwami.gr.jp/
31325,https://www.town.wakasa.tottori.jp/
31328,https://www1.town.chizu.tottori.jp/
31329,https://www.town.yazu.tottori.jp/
31364,https://www.town.misasa.tottori.jp/
31370,https://www.yurihama.jp/
31371,https://www.town.kotoura.tottori.jp/
31372,https://www.e-hokuei.net/
31384,https://www.hiezu.jp/
31386,https://www.daisen.jp/
31389,https://www.town.nanbu.tottori.jp/
31390,https://www.houki-town.jp/
31401,https://www.town.nichinan.lg.jp/
31402,https://www.town.hino.tottori.jp/
31403,https://www.town-kofu.jp/
32000,https://www.pref.shimane.lg.jp/
32201,https://www.city.matsue.lg.jp/
32202,https://www.city.hamada.shimane.jp/www/toppage/0000000000000/APM03000.html
32203,https://www.city.izumo.shimane.jp/www/toppage/0000000000000/APM03000.html
32204,https://www.city.masuda.lg.jp/
32205,https://www.city.oda.lg.jp/
32206,https://www.city.yasugi.shimane.jp/
32207,https://www.city.gotsu.lg.jp/
32209,https://www.city.unnan.shimane.jp/unnan/
32343,https://www.town.okuizumo.shimane.jp/
32386,https://www.iinan.jp/
32441,https://www.town.shimane-kawamoto.lg.jp/
32448,https://www.town.shimane-misato.lg.jp/
32449,https://www.town.ohnan.lg.jp/www/index.html
32501,https://www.town.tsuwano.lg.jp/
32505,https://www.town.yoshika.lg.jp/
32525,https://www.town.ama.shimane.jp/
32526,https://www.town.nishinoshima.shimane.jp/
32527,http://www.vill.chibu.lg.jp/
32528,https://www.town.okinoshima.shimane.jp/www/index.html
33000,https://www.pref.okayama.jp/
33100,https://www.city.okayama.jp/
33202,https://www.city.kurashiki.okayama.jp/
33203,https://www.city.tsuyama.lg.jp/
33204,https://www.city.tamano.lg.jp/
33205,https://www.city.kasaoka.okayama.jp/
33207,https://www.city.ibara.okayama.jp/
33208,https://www.city.soja.okayama.jp/
33209,https://www.city.takahashi.lg.jp/
33210,https://www.city.niimi.okayama.jp/
33211,https://www.city.bizen.okayama.jp/
33212,https://www.city.setouchi.lg.jp/
33213,https://www.city.akaiwa.lg.jp/
33214,https://www.city.maniwa.lg.jp/
33215,https://www.city.mimasaka.lg.jp/
33216,https://www.city.asakuchi.lg.jp/
33346,https://www.town.wake.lg.jp/
33423,https://www.town.hayashima.lg.jp/
33445,https://www.town.satosho.okayama.jp/
33461,http://www.town.yakage.okayama.jp/index.html
33586,http://www.vill.shinjo.okayama.jp/
33606,https://www.town.kagamino.lg.jp/
33622,https://www.town.shoo.lg.jp/
33623,https://www.town.nagi.okayama.jp/
33643,https://www.vill.nishiawakura.okayama.jp/wp/
33663,https://www.town.kumenan.lg.jp/
33666,https://www.town.misaki.okayama.jp/
33681,https://www.town.kibichuo.lg.jp/
34000,https://www.pref.hiroshima.lg.jp/
34100,https://www.city.hiroshima.lg.jp/
34202,https://www.city.kure.lg.jp/
34203,https://www.city.takehara.lg.jp/
34204,https://www.city.mihara.hiroshima.jp/
34205,https://www.city.onomichi.hiroshima.jp/
34207,https://www.city.fukuyama.hiroshima.jp/
34208,https://www.city.fuchu.hiroshima.jp/
34209,https://www.city.miyoshi.hiroshima.jp/index.html
34210,https://www.city.shobara.hiroshima.jp/
34211,https://www.city.otake.hiroshima.jp/
34212,https://www.city.higashihiroshima.lg.jp/
34213,https://www.city.hatsukaichi.hiroshima.jp/
34214,https://www.akitakata.jp/ja/
34215,https://www.city.etajima.hiroshima.jp/cms/
34302,https://www.town.fuchu.hiroshima.jp/
34304,https://www.town.kaita.lg.jp/
34307,https://www.town.kumano.hiroshima.jp/
34309,https://www.town.saka.lg.jp/
34368,https://www.akiota.jp/
34369,https://www.town.kitahiroshima.lg.jp/
34431,https://www.town.osakikamijima.hiroshima.jp/
34462,https://www.town.sera.hiroshima.jp/
34545,https://www.jinsekigun.jp/
35000,https://www.pref.yamaguchi.lg.jp/
35201,https://www.city.shimonoseki.lg.jp/www/toppage/0000000000000/APM03000.html
35202,https://www.city.ube.yamaguchi.jp/
35203,https://www.city.yamaguchi.lg.jp/
35204,https://www.city.hagi.lg.jp/
35206,https://www.city.hofu.yamaguchi.jp/
35207,https://www.city.kudamatsu.lg.jp/
35208,https://www.city.iwakuni.lg.jp/
35210,https://www.city.hikari.lg.jp/
35211,https://www.city.nagato.yamaguchi.jp/
35212,https://www.city-yanai.jp/
35213,https://www2.city.mine.lg.jp/www/toppage/0000000000000/APM03000.html
35215,https://www.city.shunan.lg.jp/
35216,https://www.city.sanyo-onoda.lg.jp/
35305,https://www.town.suo-oshima.lg.jp/
35321,https://www.town.waki.lg.jp/
35341,https://www.town.kaminoseki.lg.jp/
35343,https://www.town.tabuse.lg.jp/www/index.html
35344,https://www.town.hirao.lg.jp/
35502,https://www.town.abu.lg.jp/
36000,https://www.pref.tokushima.lg.jp/
36201,https://www.city.tokushima.tokushima.jp/
36202,https://www.city.naruto.tokushima.jp/
36203,https://www.city.komatsushima.lg.jp/
36204,https://www.city.anan.tokushima.jp/
36205,https://www.city.yoshinogawa.lg.jp/
36206,https://www.city.awa.lg.jp/
36207,https://www.city.mima.lg.jp/
36208,https://www.miyoshi.i-tokushima.jp/
36301,https://www.town.katsuura.lg.jp/
36302,http://www.kamikatsu.jp/
36321,https://www.vill.sanagochi.lg.jp/
36341,https://www.town.ishii.lg.jp/
36342,https://www.town.kamiyama.lg.jp/
36368,https://www.town.tokushima-naka.lg.jp/
36383,https://www.town.tokushima-mugi.lg.jp/
36387,https://www.town.minami.lg.jp/
36388,https://www.town.kaiyo.lg.jp/
36401,https://www.town.matsushige.tokushima.jp/
36402,https://www.town.kitajima.lg.jp/
36403,https://www.town.aizumi.lg.jp/
36404,http://www.town.itano.tokushima.jp/
36405,https://www.townkamiita.jp/
36468,https://www.town.tokushima-tsurugi.lg.jp/
36489,https://www.town.higashimiyoshi.lg.jp/
37000,https://www.pref.kagawa.lg.jp/
37201,https://www.city.takamatsu.kagawa.jp/
37202,https://www.city.marugame.lg.jp/
37203,https://www.city.sakaide.lg.jp/
37204,https://www.city.zentsuji.kagawa.jp/
37205,https://www.city.kanonji.kagawa.jp/
37206,https://www.city.sanuki.kagawa.jp/
37207,https://www.higashikagawa.jp/
37208,https://www.city.mitoyo.lg.jp
37322,https://www.town.tonosho.kagawa.jp/
37324,https://www.town.shodoshima.lg.jp/
37341,https://www.town.miki.lg.jp/
37364,https://www.town.naoshima.lg.jp/
37386,https://www.town.utazu.lg.jp/
37387,https://www.town.ayagawa.lg.jp/
37403,https://www.town.kotohira.kagawa.jp/
37404,https://www.town.tadotsu.kagawa.jp/
37406,https://www.town.manno.lg.jp/
38000,https://www.pref.ehime.jp/
38201,https://www.city.matsuyama.ehime.jp/
38202,https://www.city.imabari.ehime.jp/
38203,https://www.city.uwajima.ehime.jp/
38204,https://www.city.yawatahama.ehime.jp/
38205,https://www.city.niihama.lg.jp/
38206,https://www.city.saijo.ehime.jp/
38207,https://www.city.ozu.ehime.jp/
38210,https://www.city.iyo.lg.jp/
38213,https://www.city.shikokuchuo.ehime.jp/
38214,https://www.city.seiyo.ehime.jp/
38215,https://www.city.toon.ehime.jp/
38356,https://www.town.kamijima.lg.jp
38386,https://www.kumakogen.jp/
38401,https://www.town.masaki.ehime.jp/
38402,https://www.town.tobe.ehime.jp/
38422,https://www.town.uchiko.ehime.jp/
38442,https://www.town.ikata.ehime.jp/
38484,https://www.town.matsuno.ehime.jp/
38488,https://www.town.kihoku.ehime.jp/
38506,https://www.town.ainan.ehime.jp/
39000,https://www.pref.kochi.lg.jp/
39201,https://www.city.kochi.kochi.jp/
39202,https://www.city.muroto.kochi.jp/
39203,https://www.city.aki.kochi.jp/
39204,https://www.city.nankoku.lg.jp/
39205,https://www.city.tosa.lg.jp/
39206,https://www.city.susaki.lg.jp/
39208,https://www.city.sukumo.kochi.jp/
39209,https://www.city.tosashimizu.kochi.jp/
39210,https://www.city.shimanto.lg.jp/topj.html
39211,https://www.city.kochi-konan.lg.jp/
39212,https://www.city.kami.lg.jp/
39301,http://www.town.toyo.kochi.jp/
39302,https://www.town.nahari.kochi.jp/
39303,https://tanocho.jp/
39304,https://www.town.yasuda.kochi.jp/
39305,https://www.kitagawamura.jp/
39306,https://vill.umaji.lg.jp/
39307,https://www.vill.geisei.kochi.jp/
39341,https://www.town.motoyama.kochi.jp/
39344,https://www.town.otoyo.kochi.jp/
39363,http://www.town.tosa.kochi.jp/
39364,https://www.vill.okawa.kochi.jp/
39386,https://www.town.ino.kochi.jp/
39387,https://www.town.niyodogawa.lg.jp/
39401,https://www.town.nakatosa.lg.jp/
39402,https://www.town.sakawa.lg.jp/
39403,https://www.town.ochi.kochi.jp/
39405,https://www.town.yusuhara.lg.jp/
39410,https://www.vill.hidaka.kochi.jp/
39411,https://town.kochi-tsuno.lg.jp/
39412,https://www.town.shimanto.lg.jp/
39424,https://www.town.otsuki.kochi.jp/
39427,https://www.vill.mihara.kochi.jp/
39428,https://www.town.kuroshio.lg.jp/
40000,https://www.pref.fukuoka.lg.jp/
40100,https://www.city.kitakyushu.lg.jp/
40130,https://www.city.fukuoka.lg.jp/
40202,https://www.city.omuta.lg.jp/
40203,https://www.city.kurume.fukuoka.jp/
40204,https://www.city.nogata.fukuoka.jp/
40205,https://www.city.iizuka.lg.jp/
40206,https://www.joho.tagawa.fukuoka.jp/
40207,https://www.city.yanagawa.fukuoka.jp/
40210,https://www.city.yame.fukuoka.jp/
40211,https://www.city.chikugo.lg.jp/
40212,https://www.city.okawa.lg.jp/index.html
40213,https://www.city.yukuhashi.fukuoka.jp/
40214,https://www.city.buzen.lg.jp/
40215,https://www.city.nakama.lg.jp/
40216,https://www.city.ogori.fukuoka.jp/
40217,https://www.city.chikushino.fukuoka.jp/index.html
40218,https://www.city.kasuga.fukuoka.jp/
40219,https://www.city.onojo.fukuoka.jp/
40220,https://www.city.munakata.lg.jp/
40221,https://www.city.dazaifu.lg.jp
40223,https://www.city.koga.fukuoka.jp/
40224,https://www.city.fukutsu.lg.jp/
40225,https://www.city.ukiha.fukuoka.jp/
40226,https://www.city.miyawaka.lg.jp/
40227,https://www.city.kama.lg.jp/
40228,https://www.city.asakura.lg.jp/www/toppage/0000000000000/APM03000.html
40229,https://www.city.miyama.lg.jp/
40230,https://www.city.itoshima.lg.jp/
40231,https://www.city.nakagawa.lg.jp/
40341,https://www.town.umi.lg.jp/
40342,https://www.town.sasaguri.fukuoka.jp/
40343,https://www.town.shime.lg.jp/
40344,https://www.town.sue.fukuoka.jp/
40345,https://www.town.shingu.fukuoka.jp/
40348,https://www.town.hisayama.fukuoka.jp/fullflash/index.html
40349,https://www.town.kasuya.fukuoka.jp/
40381,https://www.town.ashiya.lg.jp/
40382,https://www.town.mizumaki.lg.jp/
40383,https://www.town.okagaki.lg.jp/
40384,https://www.town.onga.lg.jp/
40401,https://town.kotake.lg.jp/
40402,https://www.town.kurate.lg.jp/
40421,https://www.town.keisen.fukuoka.jp/
40447,https://www.town.chikuzen.fukuoka.jp/
40448,https://vill.toho-info.com/
40503,https://www.town.tachiarai.fukuoka.jp/opening/
40522,https://www.town.ooki.lg.jp/
40544,https://www.town.hirokawa.fukuoka.jp/
40601,https://www.town.kawara.fukuoka.jp/
40602,https://www.town.soeda.fukuoka.jp/
40604,https://www.town.itoda.lg.jp/
40605,https://www.town-kawasaki.com/
40608,https://www.town.oto.fukuoka.jp/
40609,https://www.akamura.net/
40610,https://www.town.fukuchi.lg.jp/
40621,https://www.town.kanda.lg.jp/
40625,https://www.town.miyako.lg.jp/
40642,https://www.town.yoshitomi.lg.jp/
40646,https://www.town.koge.lg.jp/
40647,https://www.town.chikujo.fukuoka.jp/
41000,https://www.pref.saga.lg.jp/
41201,https://www.city.saga.lg.jp/
41202,https://www.city.karatsu.lg.jp/
41203,https://www.city.tosu.lg.jp/
41204,https://www.city.taku.lg.jp/
41205,https://www.city.imari.saga.jp/
41206,https://www.city.takeo.lg.jp/
41207,https://www.city.saga-kashima.lg.jp/
41208,https://www.city.ogi.lg.jp/
41209,https://www.city.ureshino.lg.jp/
41210,https://www.city.kanzaki.saga.jp/
41327,https://www.town.yoshinogari.lg.jp/
41341,https://www.town.kiyama.lg.jp/
41345,https://www.town.kamimine.lg.jp/
41346,https://www.town.miyaki.lg.jp/
41387,https://www.town.genkai.lg.jp/
41401,https://www.town.arita.lg.jp/
41423,https://www.town.omachi.lg.jp/
41424,https://www.town.kouhoku.saga.jp/
41425,https://www.town.shiroishi.lg.jp/
41441,https://www.town.tara.lg.jp/
42000,https://www.pref.nagasaki.lg.jp/
42201,https://www.city.nagasaki.lg.jp/
42202,https://www.city.sasebo.lg.jp/
42203,https://www.city.shimabara.lg.jp/
42204,https://www.city.isahaya.nagasaki.jp/
42205,https://www.city.omura.nagasaki.jp/
42207,https://www.city.hirado.nagasaki.jp/
42208,https://www.city-matsuura.jp/
42209,https://www.city.tsushima.nagasaki.jp/
42210,https://www.city.iki.nagasaki.jp/
42211,https://www.city.goto.nagasaki.jp/
42212,https://www.city.saikai.nagasaki.jp/
42213,https://www.city.unzen.nagasaki.jp/
42214,https://www.city.minamishimabara.lg.jp/
42307,https://webtown.nagayo.jp/
42308,https://www.town.togitsu.nagasaki.jp/
42321,https://www.sonogi.jp/
42322,https://www.kawatana.jp/
42323,https://www.town.hasami.lg.jp/
42383,https://www.town.ojika.lg.jp/index.html
42391,https://www.sazacho-nagasaki.jp/
42411,https://official.shinkamigoto.net/
43000,https://www.pref.kumamoto.jp/
43100,https://www.city.kumamoto.jp/
43202,https://www.city.yatsushiro.lg.jp/
43203,https://www.city.hitoyoshi.lg.jp/
43204,https://www.city.arao.lg.jp/
43205,https://www.city.minamata.lg.jp/
43206,https://www.city.tamana.lg.jp/
43208,https://www.city.yamaga.kumamoto.jp/www/toppage/0000000000000/APM03000.html
43210,https://www.city.kikuchi.lg.jp/
43211,https://www.city.uto.lg.jp/
43212,https://www.city.kamiamakusa.kumamoto.jp/
43213,https://www.city.uki.kumamoto.jp/
43214,https://www.city.aso.kumamoto.jp/
43215,https://www.city.amakusa.kumamoto.jp/
43216,https://www.city.koshi.lg.jp/
43348,https://www.town.kumamoto-misato.lg.jp/
43364,https://www.town.gyokuto.kumamoto.jp/
43367,https://www.town.nankan.lg.jp/
43368,https://www.town.nagasu.lg.jp/index.html
43369,https://www.town.nagomi.lg.jp/
43403,https://www.town.ozu.kumamoto.jp/
43404,https://www.town.kikuyo.lg.jp/
43423,https://www.town.minamioguni.lg.jp/top.html
43424,https://www.town.kumamoto-oguni.lg.jp/
43425,https://www.ubuyama-v.jp/
43428,https://www.town.takamori.kumamoto.jp/
43432,https://www.vill.nishihara.kumamoto.jp/
43433,https://www.vill.minamiaso.lg.jp/
43441,https://www.town.mifune.kumamoto.jp/
43442,https://www.town.kumamoto-kashima.lg.jp/
43443,https://www.town.mashiki.lg.jp/
43444,https://www.town.kosa.lg.jp/
43447,https://www.town.kumamoto-yamato.lg.jp/
43468,https://www.town.hikawa.kumamoto.jp/
43482,https://www.town.ashikita.lg.jp/
43484,https://www.town.tsunagi.lg.jp/
43501,https://www.town.kumamoto-nishiki.lg.jp/
43505,https://www.town.taragi.lg.jp/
43506,https://www.town.yunomae.lg.jp/
43507,https://www.vill.mizukami.lg.jp/
43510,https://www.vill.sagara.lg.jp/
43511,https://www.vill.itsuki.lg.jp/
43512,https://www.vill.yamae.lg.jp/
43513,https://www.kumamura.com/
43514,https://www.town.asagiri.lg.jp/
43531,https://reihoku-kumamoto.jp/
44000,https://www.pref.oita.jp/
44201,https://www.city.oita.oita.jp/
44202,https://www.city.beppu.oita.jp/
44203,https://www.city-nakatsu.jp/
44204,https://www.city.hita.oita.jp/
44205,https://www.city.saiki.oita.jp/
44206,https://www.city.usuki.oita.jp/
44207,https://www.city.tsukumi.oita.jp/
44208,https://www.city.taketa.oita.jp/
44209,https://www.city.bungotakada.oita.jp/
44210,https://www.city.kitsuki.lg.jp/
44211,https://www.city.usa.oita.jp/
44212,https://www.bungo-ohno.jp/
44213,https://www.city.yufu.oita.jp/
44214,https://www.city.kunisaki.oita.jp/
44322,https://www.himeshima.jp/
44341,https://www.town.hiji.lg.jp/
44461,https://www.town.kokonoe.oita.jp/
44462,https://www.town.kusu.oita.jp/
45000,https://www.pref.miyazaki.lg.jp/
45201,https://www.city.miyazaki.miyazaki.jp/
45202,https://www.city.miyakonojo.miyazaki.jp/
45203,https://www.city.nobeoka.miyazaki.jp/
45204,https://www.city.nichinan.lg.jp/
45205,https://www.city.kobayashi.lg.jp/
45206,https://www.hyugacity.jp/
45207,https://www.city.kushima.lg.jp/
45208,https://www.city.saito.lg.jp/
45209,https://www.city.ebino.lg.jp/
45341,https://www.town.mimata.lg.jp/
45361,https://www.town.takaharu.lg.jp/
45382,https://www.town.kunitomi.miyazaki.jp/
45383,https://www.town.aya.miyazaki.jp/ayatown/
45401,https://www.town.takanabe.lg.jp/
45402,https://www.town.shintomi.lg.jp/
45403,https://www.vill.nishimera.lg.jp/
45404,https://www.town.kijo.lg.jp/
45405,https://www.town.kawaminami.miyazaki.jp/
45406,https://www.town.tsuno.lg.jp/
45421,https://www.town.kadogawa.lg.jp/
45429,https://www.vill.morotsuka.miyazaki.jp/
45430,https://www.vill.shiiba.miyazaki.jp/
45431,https://www.town.miyazaki-misato.lg.jp/
45441,https://www.town-takachiho.jp/
45442,https://www.town.hinokage.lg.jp/
45443,https://www.town.gokase.miyazaki.jp/
46000,https://www.pref.kagoshima.jp/
46201,https://www.city.kagoshima.lg.jp/
46203,https://www.city.kanoya.lg.jp/index.html
46204,https://www.city.makurazaki.lg.jp/
46206,https://www.city.akune.lg.jp/
46208,https://www.city.kagoshima-izumi.lg.jp/
46210,https://www.city.ibusuki.lg.jp/
46213,https://www.city.nishinoomote.lg.jp/
46214,https://www.city.tarumizu.lg.jp/
46215,https://www.city.satsumasendai.lg.jp/www/index.html
46216,https://www.city.hioki.kagoshima.jp/
46217,https://www.city.soo.kagoshima.jp/
46218,https://www.city-kirishima.jp/
46219,https://www.city.ichikikushikino.lg.jp/
46220,https://www.city.minamisatsuma.lg.jp/
46221,https://www.city.shibushi.lg.jp/
46222,https://www.city.amami.lg.jp/
46223,https://www.city.minamikyushu.lg.jp/
46224,https://www.city.isa.kagoshima.jp/
46225,https://www.city.aira.lg.jp/
46303,https://mishimamura.com/
46304,http://www.tokara.jp/
46392,https://www.satsuma-net.jp/
46404,https://www.town.nagashima.lg.jp/
46452,https://www.town.yusui.kagoshima.jp/
46468,https://www.town.kagoshima-osaki.lg.jp/
46482,https://www.higashikushira.com/
46490,https://www.town.kinko.lg.jp/
46491,https://www.town.minamiosumi.lg.jp/
46492,https://kimotsuki-town.jp/
46501,https://town.nakatane.kagoshima.jp/
46502,http://www.town.minamitane.kagoshima.jp/
46505,https://www.town.yakushima.kagoshima.jp/
46523,https://www.vill.yamato.lg.jp/
46524,https://www.uken.net/
46525,https://www.town.setouchi.lg.jp/
46527,https://www.town.tatsugo.lg.jp/
46529,https://www.town.kikai.lg.jp/
46530,https://www.tokunoshima-town.org/
46531,https://www.town.amagi.lg.jp/
46532,https://www.town.isen.kagoshima.jp/
46533,https://www.town.wadomari.lg.jp/
46534,https://www.town.china.lg.jp/
46535,https://www.yoron.jp/
47000,https://www.pref.okinawa.lg.jp/
47201,https://www.city.naha.okinawa.jp/
47205,https://www.city.ginowan.lg.jp/
47207,https://www.city.ishigaki.okinawa.jp/
47208,https://www.city.urasoe.lg.jp/home
47209,https://www.city.nago.okinawa.jp/
47210,https://www.city.itoman.lg.jp/
47211,https://www.city.okinawa.okinawa.jp/
47212,https://www.city.tomigusuku.lg.jp/
47213,https://www.city.uruma.lg.jp/
47214,https://www.city.miyakojima.lg.jp/
47215,https://www.city.nanjo.okinawa.jp/
47301,http://www.vill.kunigami.okinawa.jp/
47302,https://www.vill.ogimi.okinawa.jp/
47303,https://www.vill.higashi.okinawa.jp/index.jsp
47306,https://www.nakijin.jp/
47308,https://www.town.motobu.okinawa.jp/
47311,https://www.vill.onna.okinawa.jp/
47313,https://www.vill.ginoza.okinawa.jp/
47314,https://www.town.kin.okinawa.jp/
47315,https://www.iejima.org/
47324,https://www.vill.yomitan.okinawa.jp/
47325,https://www.town.kadena.okinawa.jp/
47326,https://www.chatan.jp/
47327,https://www.vill.kitanakagusuku.lg.jp/
47328,https://www.vill.nakagusuku.okinawa.jp/index.jsp
47329,https://www.town.nishihara.okinawa.jp/
47348,https://www.town.yonabaru.okinawa.jp/
47350,https://www.town.haebaru.lg.jp/
47353,https://www.vill.tokashiki.okinawa.jp/
47354,https://www.vill.zamami.okinawa.jp/
47355,https://www.vill.aguni.okinawa.jp/
47356,https://www.vill.tonaki.okinawa.jp/index.jsp
47357,http://www.vill.minamidaito.okinawa.jp/
47358,https://vill.kitadaito.okinawa.jp/
47359,https://www.vill.iheya.okinawa.jp/
47360,https://vill.izena.okinawa.jp/
47361,https://www.town.kumejima.okinawa.jp/
47362,https://www.town.yaese.lg.jp/
47375,https://www.vill.tarama.okinawa.jp/
47381,https://www.town.taketomi.lg.jp/
47382,https://www.town.yonaguni.okinawa.jp/
